Loreal Professionnel Máscara Expert Force Relax 500g,"R$129,90"
Ducha Relax 127V 5500W Lorenzetti 7540112 Branco Pequeno,"R$78,10"
Relaxe: guia prático de relaxamento profundo para o corpo e a mente com o método restaurativo  por Miila Derzett e Matrix Editora,"R$19,88"
Outro formato: Capa Comum,sem estoque
Mandala: Adult Coloring Book Featuring Calming Mandalas designed to relax and calm (Black Background )  Edição Inglêspor Taslima Coloring Books,"R$39,27"
Kit Shampoo E Máscara Loréal Force Relax Nutri Control 500ml,"R$212,41"
Relax Melodies Premium: A White Noise Ambience For Sleep Meditation & Yoga  23 set 2009,"R$5,99"
Bermuda Relax linho Sergio K Masculino,"R$338,30"
Cachoeira chuvosa grátis HD - relaxe-se com uma cena chuvosa tranquila e desfrute da sua TV HDR 4K TV 8K e dispositivos de fogo como papel de parede decoração para festas de Natal tema para mediaçã  30 ago 2016,sem estoque
Aplicativo GRÁTIS,sem estoque
Relax (Vinyl) [Disco de Vinil]  por Various Artists - Relax,"R$261,56"
Máscara Kérastase Discipline Oléo-Relax 500ml,"R$461,90"
Ducha Relax 220V 5500W Lorenzetti 7540110 Branco Pequeno,"R$84,90"
Ducha Relax 220V 5500W Lorenzetti 7540115 Branco/Cromado Pequeno,"R$81,90"
Ducha Relax 127V 5500W Lorenzetti 7540117 Branco/Cromado Pequeno,"R$85,00"
Cat Relax Furacão Pet Grande Azul Furacão Pet para Gatos,"R$53,71"
Creme Relaxante Spa Raavi 500G,"R$25,55"
4K Nature Relax TV  9 ago 2017,sem estoque
Aplicativo GRÁTIS,sem estoque
Bolsa Multiuso Para Relaxamento Tamanho Médio,"R$25,90"
Pasta Relaxe Escrito Relax Bordada Ombro,"R$122,99"
Kérastase Discipline Oléo - Relax Advanced 100ml,"R$159,90"
How to Relax: 5  Edição Inglêspor Thich Nhat Hanh e Jason DeAntonis,"R$48,49"
Outros formatos: Kindle  Capa dura,sem estoque
Relax Foot Ortho Pauher Azul Único,"R$32,90"
The Relax Channel  18 jun 2015,sem estoque
Aplicativo GRÁTIS,sem estoque
POKEMON SWORD and POKEMON SHIELD Relax : Fresh Funnies And Real Cool Dank Crazy Jokes Comic Book (English Edition)  Edição Inglêspor Braten Joshpeon,"R$0,00"
Faixa Para Relaxamento,"R$41,90"
Super Cat Relax Pop Furacão Pet Black Furacão Pet para Gatos,"R$40,91"
Colar de Pedra Castroada de Quartzo Azul,sem estoque
Relax My Dog - Relaxing Music for Dogs  27 jul 2016,sem estoque
Aplicativo GRÁTIS,sem estoque
Boné Bordado Relax Relaxe Escrito Preto,"R$44,99"
Guanidina - Cálcio & Oil Salon Line Salon Line,"R$35,99"
Cat Relax Furacão Pet Médioio Vermelho Furacão Pet para Gatos,"R$56,24"
Cat Relax Furacão Pet Médioio Black Furacão Pet para Gatos,"R$54,22"
Óleo de Massagem Thermo Relaxante Hidramais - 500ml,"R$33,50"
Relaxing Music  19 fev 2019,sem estoque
Aplicativo GRÁTIS,sem estoque
Massageador para Pés e pernas shiatsu Foot Massager Ultra Relax Ufo Uitech,"R$698,90"
Relaxamento psicomotor e consciência corporal  Edição Portuguêspor Margareth Ramos Mari Dreyer,"R$69,50"
Outro formato: Kindle,sem estoque
Loreal X-Tenso Creme de Relaxamento - CABELOS NATURAIS RESISTENTES,"R$99,00"
Camisa Listrada Relax Colcci Masculino,"R$290,00"
Super Cat Relax Pop Furacão Pet Azul Furacão Pet para Gatos,"R$43,40"
chuva verde grátis HD - ambiente chuvoso relaxante para superar o estresse - um aplicativo na sua TV e dispositivos de incêndio HDR 8k 4k como papel de parede e tema de mediação e paz  25 mar 2016,sem estoque
Aplicativo GRÁTIS,sem estoque
Óleo Vegetal Relaxante Raavi 250Ml,"R$30,57"
Meu ano de descanso e relaxamento  Edição Portuguêspor Ottessa Moshfegh Juliana Cunha e outros.,"R$31,68"
Outro formato: Kindle,sem estoque
VULT BOOSTER FACIAL RELAX ENERGIZANTE 20G Vult,"R$27,49"
Relax: Symphony of Whales,sem estoque
DVD,sem estoque
Color Dropper - Paint Picker Relax Coloring Game  28 dez 2020,sem estoque
Aplicativo GRÁTIS,sem estoque
Creme Relaxante - Cachos Definidos e Soltos Óleo de Avelã e Óleo de Coco 200 gr Salon Line,"R$24,50"
Mensagens de Relaxamento e Conforto: Estresse ansiedade perdas depressão: um apoio emocional  por Elon Aeris,"R$20,00"
Camiseta Joss Corte à Fio Relax Branca,"R$26,00"
Resistência 3T Ultra 127V 5500W 065J Lorenzetti 7589126 Metal Pequeno,"R$21,46"
